{
  "Title": "V for Vendetta",
  "Year": "2005",
  "Rated": "R",
  "Released": "17 Mar 2006",
  "Runtime": "132 min",
  "Genre": "Action, Drama, Sci-Fi",
  "Director": "James McTeigue",
  "Writer": "Lilly Wachowski (screenplay), Lana Wachowski (screenplay), David Lloyd (graphic novel art)",
  "Actors": "Natalie Portman, Hugo Weaving, Stephen Rea, Stephen Fry",
  "Plot": "In a future British tyranny, a shadowy freedom fighter, known only by the alias of \"V\", plots to overthrow it with the help of a young woman.",
  "Language": "English",
  "Country": "USA, UK, Germany",
  "Awards": "7 wins & 27 nominations.",
  "Poster": "https://images-na.ssl-images-amazon.com/images/M/MV5BYzllMjJkODAtYjMwMi00YmNhLWFhYzAtZjZjODg5YzEwOGUwXkEyXkFqcGdeQXVyNjU0OTQ0OTY@._V1_SX300.jpg",
  "Ratings": [
    {
      "Source": "Internet Movie Database",
      "Value": "8.2/10"
    },
    {
      "Source": "Rotten Tomatoes",
      "Value": "73%"
    },
    {
      "Source": "Metacritic",
      "Value": "62/100"
    }
  ],
  "Metascore": "62",
  "imdbRating": "8.2",
  "imdbVotes": "879,668",
  "imdbID": "tt0434409",
  "Type": "movie",
  "DVD": "01 Aug 2006",
  "BoxOffice": "$70,500,000",
  "Production": "Warner Bros. Pictures",
  "Website": "http://vforvendetta.warnerbros.com/",
  "Response": "True"
}
