{
  "Title": "Frankenstein",
  "Year": "1931",
  "Rated": "NOT RATED",
  "Released": "21 Nov 1931",
  "Runtime": "70 min",
  "Genre": "Drama, Horror, Sci-Fi",
  "Director": "James Whale",
  "Writer": "John L. Balderston (based upon the composition by), Mary Shelley (from the novel by), Peggy Webling (adapted from the play by), Garrett Fort (screen play), Francis Edward Faragoh (screen play), Richard Schayer (scenario editor)",
  "Actors": "Colin Clive, Mae Clarke, John Boles, Boris Karloff",
  "Plot": "An obsessed scientist assembles a living being from parts of exhumed corpses.",
  "Language": "English, Latin",
  "Country": "USA",
  "Awards": "3 wins & 3 nominations.",
  "Poster": "https://images-na.ssl-images-amazon.com/images/M/MV5BZWM3MjliNGUtNmJjMi00ZjFmLWEyYWItZGVjNmUyMGQ2MDFmXkEyXkFqcGdeQXVyNjc1NTYyMjg@._V1_SX300.jpg",
  "Ratings": [
    {
      "Source": "Internet Movie Database",
      "Value": "7.9/10"
    },
    {
      "Source": "Rotten Tomatoes",
      "Value": "100%"
    }
  ],
  "Metascore": "N/A",
  "imdbRating": "7.9",
  "imdbVotes": "50,701",
  "imdbID": "tt0021884",
  "Type": "movie",
  "DVD": "28 Aug 2001",
  "BoxOffice": "N/A",
  "Production": "Universal Pictures Company",
  "Website": "N/A",
  "Response": "True"
}
