{
  "Title": "Escape from New York",
  "Year": "1981",
  "Rated": "R",
  "Released": "10 Jul 1981",
  "Runtime": "99 min",
  "Genre": "Action, Sci-Fi",
  "Director": "John Carpenter",
  "Writer": "John Carpenter, Nick Castle",
  "Actors": "Kurt Russell, Lee Van Cleef, Ernest Borgnine, Donald Pleasence",
  "Plot": "In 1997, when the U.S. president crashes into Manhattan, now a giant maximum security prison, a convicted bank robber is sent in to rescue him.",
  "Language": "English",
  "Country": "UK, USA",
  "Awards": "4 nominations.",
  "Poster": "https://images-na.ssl-images-amazon.com/images/M/MV5BMTUzMTY0Nzg0MV5BMl5BanBnXkFtZTgwMDU3MzQxMDE@._V1_SX300.jpg",
  "Ratings": [
    {
      "Source": "Internet Movie Database",
      "Value": "7.2/10"
    },
    {
      "Source": "Rotten Tomatoes",
      "Value": "85%"
    }
  ],
  "Metascore": "N/A",
  "imdbRating": "7.2",
  "imdbVotes": "95,689",
  "imdbID": "tt0082340",
  "Type": "movie",
  "DVD": "21 Nov 2000",
  "BoxOffice": "N/A",
  "Production": "MGM Home Entertainment",
  "Website": "N/A",
  "Response": "True"
}
