{
  "Title": "Spirited Away",
  "Year": "2001",
  "Rated": "PG",
  "Released": "28 Mar 2003",
  "Runtime": "125 min",
  "Genre": "Animation, Adventure, Family",
  "Director": "Hayao Miyazaki",
  "Writer": "Hayao Miyazaki",
  "Actors": "Rumi Hiiragi, Miyu Irino, Mari Natsuki, Takashi Naitô",
  "Plot": "During her family's move to the suburbs, a sullen 10-year-old girl wanders into a world ruled by gods, witches, and spirits, and where humans are changed into beasts.",
  "Language": "Japanese",
  "Country": "Japan",
  "Awards": "Won 1 Oscar. Another 56 wins & 26 nominations.",
  "Poster": "https://images-na.ssl-images-amazon.com/images/M/MV5BMTk3NTM1NTg1Ml5BMl5BanBnXkFtZTgwOTgzMTMyMDE@._V1_SX300.jpg",
  "Ratings": [
    {
      "Source": "Internet Movie Database",
      "Value": "8.6/10"
    },
    {
      "Source": "Rotten Tomatoes",
      "Value": "97%"
    },
    {
      "Source": "Metacritic",
      "Value": "94/100"
    }
  ],
  "Metascore": "94",
  "imdbRating": "8.6",
  "imdbVotes": "451,573",
  "imdbID": "tt0245429",
  "Type": "movie",
  "DVD": "15 Apr 2003",
  "BoxOffice": "$9,855,615.00",
  "Production": "Walt Disney Pictures",
  "Website": "http://bventertainment.go.com/movies/spiritedaway",
  "Response": "True"
}
