{
  "Title": "Memento",
  "Year": "2000",
  "Rated": "R",
  "Released": "25 May 2001",
  "Runtime": "113 min",
  "Genre": "Mystery, Thriller",
  "Director": "Christopher Nolan",
  "Writer": "Christopher Nolan (screenplay), Jonathan Nolan (short story \"Memento Mori\")",
  "Actors": "Guy Pearce, Carrie-Anne Moss, Joe Pantoliano, Mark Boone Junior",
  "Plot": "A man juggles searching for his wife's murderer and keeping his short-term memory loss from being an obstacle.",
  "Language": "English",
  "Country": "USA",
  "Awards": "Nominated for 2 Oscars. Another 55 wins & 55 nominations.",
  "Poster": "https://images-na.ssl-images-amazon.com/images/M/MV5BZTcyNjk1MjgtOWI3Mi00YzQwLWI5MTktMzY4ZmI2NDAyNzYzXkEyXkFqcGdeQXVyNjU0OTQ0OTY@._V1_SX300.jpg",
  "Ratings": [
    {
      "Source": "Internet Movie Database",
      "Value": "8.5/10"
    },
    {
      "Source": "Rotten Tomatoes",
      "Value": "92%"
    },
    {
      "Source": "Metacritic",
      "Value": "80/100"
    }
  ],
  "Metascore": "80",
  "imdbRating": "8.5",
  "imdbVotes": "892,431",
  "imdbID": "tt0209144",
  "Type": "movie",
  "DVD": "04 Sep 2001",
  "BoxOffice": "$23,844,220.00",
  "Production": "Newmarket Films",
  "Website": "http://www.otnemem.com",
  "Response": "True"
}
