{
  "Title": "Pixels",
  "Year": "2015",
  "Rated": "PG-13",
  "Released": "24 Jul 2015",
  "Runtime": "106 min",
  "Genre": "Action, Comedy, Sci-Fi",
  "Director": "Chris Columbus",
  "Writer": "Tim Herlihy (screenplay), Timothy Dowling (screenplay), Tim Herlihy (screen story), Patrick Jean (short film)",
  "Actors": "Adam Sandler, Kevin James, Michelle Monaghan, Peter Dinklage",
  "Plot": "When aliens misinterpret video feeds of classic arcade games as a declaration of war, they attack the Earth in the form of the video games.",
  "Language": "English",
  "Country": "USA, China, Canada",
  "Awards": "2 wins & 9 nominations.",
  "Poster": "https://images-na.ssl-images-amazon.com/images/M/MV5BMTYxMzM4NDY5N15BMl5BanBnXkFtZTgwNzg1NTI3MzE@._V1_SX300.jpg",
  "Ratings": [
    {
      "Source": "Internet Movie Database",
      "Value": "5.6/10"
    },
    {
      "Source": "Rotten Tomatoes",
      "Value": "16%"
    },
    {
      "Source": "Metacritic",
      "Value": "27/100"
    }
  ],
  "Metascore": "27",
  "imdbRating": "5.6",
  "imdbVotes": "98,910",
  "imdbID": "tt2120120",
  "Type": "movie",
  "DVD": "27 Oct 2015",
  "BoxOffice": "$66,412,009.00",
  "Production": "Sony Pictures",
  "Website": "http://www.facebook.com/PixelsMovie",
  "Response": "True"
}
