{
  "Title": "Ant-Man",
  "Year": "2015",
  "Rated": "PG-13",
  "Released": "17 Jul 2015",
  "Runtime": "117 min",
  "Genre": "Action, Adventure, Comedy",
  "Director": "Peyton Reed",
  "Writer": "Edgar Wright (screenplay), Joe Cornish (screenplay), Adam McKay (screenplay), Paul Rudd (screenplay), Edgar Wright (story by), Joe Cornish (story by), Stan Lee (based on the comics by), Larry Lieber (based on the comics by), Jack Kirby (based on the comics by)",
  "Actors": "Paul Rudd, Michael Douglas, Evangeline Lilly, Corey Stoll",
  "Plot": "Armed with a super-suit with the astonishing ability to shrink in scale but increase in strength, cat burglar Scott Lang must embrace his inner hero and help his mentor, Dr. Hank Pym, plan and pull off a heist that will save the world.",
  "Language": "English",
  "Country": "USA",
  "Awards": "Nominated for 1 BAFTA Film Award. Another 3 wins & 29 nominations.",
  "Poster": "https://images-na.ssl-images-amazon.com/images/M/MV5BMjM2NTQ5Mzc2M15BMl5BanBnXkFtZTgwNTcxMDI2NTE@._V1_SX300.jpg",
  "Ratings": [
    {
      "Source": "Internet Movie Database",
      "Value": "7.3/10"
    },
    {
      "Source": "Rotten Tomatoes",
      "Value": "81%"
    },
    {
      "Source": "Metacritic",
      "Value": "64/100"
    }
  ],
  "Metascore": "64",
  "imdbRating": "7.3",
  "imdbVotes": "358,276",
  "imdbID": "tt0478970",
  "Type": "movie",
  "DVD": "08 Dec 2015",
  "BoxOffice": "$138,002,223.00",
  "Production": "Disney/Marvel",
  "Website": "http://www.facebook.com/antman",
  "Response": "True"
}
