{
  "Title": "WarGames",
  "Year": "1983",
  "Rated": "PG",
  "Released": "03 Jun 1983",
  "Runtime": "114 min",
  "Genre": "Sci-Fi, Thriller",
  "Director": "John Badham",
  "Writer": "Lawrence Lasker, Walter F. Parkes",
  "Actors": "Matthew Broderick, Dabney Coleman, John Wood, Ally Sheedy",
  "Plot": "A young man finds a back door into a military central computer in which reality is confused with game-playing, possibly starting World War III.",
  "Language": "English",
  "Country": "USA",
  "Awards": "Nominated for 3 Oscars. Another 4 wins & 11 nominations.",
  "Poster": "https://images-na.ssl-images-amazon.com/images/M/MV5BMTMyMTE3OTk3NF5BMl5BanBnXkFtZTcwOTkwNDc3NA@@._V1_SX300.jpg",
  "Ratings": [
    {
      "Source": "Internet Movie Database",
      "Value": "7.1/10"
    },
    {
      "Source": "Rotten Tomatoes",
      "Value": "93%"
    }
  ],
  "Metascore": "N/A",
  "imdbRating": "7.1",
  "imdbVotes": "74,366",
  "imdbID": "tt0086567",
  "Type": "movie",
  "DVD": "28 Apr 1998",
  "BoxOffice": "N/A",
  "Production": "MGM",
  "Website": "N/A",
  "Response": "True"
}
