{
  "Title": "The Black Hole",
  "Year": "1979",
  "Rated": "PG",
  "Released": "21 Dec 1979",
  "Runtime": "98 min",
  "Genre": "Action, Sci-Fi",
  "Director": "Gary Nelson",
  "Writer": "Jeb Rosebrook (story), Bob Barbash (story), Richard H. Landau (story), Jeb Rosebrook (screenplay), Gerry Day (screenplay)",
  "Actors": "Maximilian Schell, Anthony Perkins, Robert Forster, Joseph Bottoms",
  "Plot": "A research vessel finds a missing ship, commanded by a mysterious scientist, on the edge of a black hole.",
  "Language": "English",
  "Country": "USA",
  "Awards": "Nominated for 2 Oscars. Another 6 nominations.",
  "Poster": "https://images-na.ssl-images-amazon.com/images/M/MV5BOGEzN2M5YTItZDRkZS00OWMxLTk3MTktZjZkNzExYWRjYjA5XkEyXkFqcGdeQXVyMjI4MjA5MzA@._V1_SX300.jpg",
  "Ratings": [
    {
      "Source": "Internet Movie Database",
      "Value": "5.9/10"
    },
    {
      "Source": "Rotten Tomatoes",
      "Value": "43%"
    }
  ],
  "Metascore": "N/A",
  "imdbRating": "5.9",
  "imdbVotes": "18,949",
  "imdbID": "tt0078869",
  "Type": "movie",
  "DVD": "20 Apr 1999",
  "BoxOffice": "N/A",
  "Production": "Walt Disney Productions",
  "Website": "N/A",
  "Response": "True"
}
