{
  "Title": "Suicide Squad",
  "Year": "2016",
  "Rated": "PG-13",
  "Released": "05 Aug 2016",
  "Runtime": "123 min",
  "Genre": "Action, Adventure, Fantasy",
  "Director": "David Ayer",
  "Writer": "David Ayer",
  "Actors": "Will Smith, Jaime FitzSimons, Ike Barinholtz, Margot Robbie",
  "Plot": "A secret government agency recruits some of the most dangerous incarcerated super-villains to form a defensive task force. Their first mission: save the world from the apocalypse.",
  "Language": "English, Japanese, Spanish",
  "Country": "USA",
  "Awards": "Won 1 Oscar. Another 11 wins & 28 nominations.",
  "Poster": "https://images-na.ssl-images-amazon.com/images/M/MV5BMjM1OTMxNzUyM15BMl5BanBnXkFtZTgwNjYzMTIzOTE@._V1_SX300.jpg",
  "Ratings": [
    {
      "Source": "Internet Movie Database",
      "Value": "6.3/10"
    },
    {
      "Source": "Rotten Tomatoes",
      "Value": "26%"
    },
    {
      "Source": "Metacritic",
      "Value": "40/100"
    }
  ],
  "Metascore": "40",
  "imdbRating": "6.3",
  "imdbVotes": "366,780",
  "imdbID": "tt1386697",
  "Type": "movie",
  "DVD": "13 Dec 2016",
  "BoxOffice": "$325,021,779.00",
  "Production": "Warner Bros. Pictures",
  "Website": "http://www.suicidesquad.com/",
  "Response": "True"
}
