{
  "Title": "Green Lantern",
  "Year": "2011",
  "Rated": "PG-13",
  "Released": "17 Jun 2011",
  "Runtime": "114 min",
  "Genre": "Action, Adventure, Sci-Fi",
  "Director": "Martin Campbell",
  "Writer": "Greg Berlanti (screenplay), Michael Green (screenplay), Marc Guggenheim (screenplay), Michael Goldenberg (screenplay), Greg Berlanti (screen story), Michael Green (screen story), Marc Guggenheim (screen story)",
  "Actors": "Ryan Reynolds, Blake Lively, Peter Sarsgaard, Mark Strong",
  "Plot": "Reckless test pilot Hal Jordan is granted an alien ring that bestows him with otherworldly powers that inducts him into an intergalactic police force, the Green Lantern Corps.",
  "Language": "English",
  "Country": "USA",
  "Awards": "3 wins & 5 nominations.",
  "Poster": "https://images-na.ssl-images-amazon.com/images/M/MV5BMTMyMTg3OTM5Ml5BMl5BanBnXkFtZTcwNzczMjEyNQ@@._V1_SX300.jpg",
  "Ratings": [
    {
      "Source": "Internet Movie Database",
      "Value": "5.6/10"
    },
    {
      "Source": "Rotten Tomatoes",
      "Value": "26%"
    },
    {
      "Source": "Metacritic",
      "Value": "39/100"
    }
  ],
  "Metascore": "39",
  "imdbRating": "5.6",
  "imdbVotes": "230,069",
  "imdbID": "tt1133985",
  "Type": "movie",
  "DVD": "14 Oct 2011",
  "BoxOffice": "$116,600,000.00",
  "Production": "Warner Bros. Pictures",
  "Website": "http://greenlanternmovie.warnerbros.com/",
  "Response": "True"
}
