{
  "Title": "Kill Bill: Vol. 1",
  "Year": "2003",
  "Rated": "R",
  "Released": "10 Oct 2003",
  "Runtime": "111 min",
  "Genre": "Action, Crime, Thriller",
  "Director": "Quentin Tarantino",
  "Writer": "Quentin Tarantino, Quentin Tarantino (character The Bride), Uma Thurman (character The Bride)",
  "Actors": "Uma Thurman, Lucy Liu, Vivica A. Fox, Daryl Hannah",
  "Plot": "The Bride wakens from a four-year coma. The child she carried in her womb is gone. Now she must wreak vengeance on the team of assassins who betrayed her - a team she was once part of.",
  "Language": "English, Japanese, French",
  "Country": "USA",
  "Awards": "Nominated for 1 Golden Globe. Another 27 wins & 98 nominations.",
  "Poster": "https://images-na.ssl-images-amazon.com/images/M/MV5BMTU1NDg1Mzg4M15BMl5BanBnXkFtZTYwMDExOTc3._V1_SX300.jpg",
  "Ratings": [
    {
      "Source": "Internet Movie Database",
      "Value": "8.1/10"
    },
    {
      "Source": "Rotten Tomatoes",
      "Value": "85%"
    },
    {
      "Source": "Metacritic",
      "Value": "69/100"
    }
  ],
  "Metascore": "69",
  "imdbRating": "8.1",
  "imdbVotes": "777,625",
  "imdbID": "tt0266697",
  "Type": "movie",
  "DVD": "13 Apr 2004",
  "BoxOffice": "N/A",
  "Production": "Miramax Films",
  "Website": "http://www.kill-bill.com/",
  "Response": "True"
}
