{
  "Title": "Labyrinth",
  "Year": "1986",
  "Rated": "PG",
  "Released": "27 Jun 1986",
  "Runtime": "101 min",
  "Genre": "Adventure, Family, Fantasy",
  "Director": "Jim Henson",
  "Writer": "Dennis Lee (story), Jim Henson (story), Terry Jones (screenplay)",
  "Actors": "David Bowie, Jennifer Connelly, Toby Froud, Shelley Thompson",
  "Plot": "A 16-year old girl is given 13 hours to solve a labyrinth and rescue her baby brother when her wish for him to be taken away is granted by the Goblin King.",
  "Language": "English",
  "Country": "UK, USA",
  "Awards": "Nominated for 1 BAFTA Film Award. Another 3 nominations.",
  "Poster": "https://images-na.ssl-images-amazon.com/images/M/MV5BMTczNTkyOTIzN15BMl5BanBnXkFtZTgwNjY3MjQxMDE@._V1_SX300.jpg",
  "Ratings": [
    {
      "Source": "Internet Movie Database",
      "Value": "7.4/10"
    },
    {
      "Source": "Rotten Tomatoes",
      "Value": "68%"
    },
    {
      "Source": "Metacritic",
      "Value": "50/100"
    }
  ],
  "Metascore": "50",
  "imdbRating": "7.4",
  "imdbVotes": "98,763",
  "imdbID": "tt0091369",
  "Type": "movie",
  "DVD": "12 Oct 1999",
  "BoxOffice": "N/A",
  "Production": "Sony Pictures Home Entertainment",
  "Website": "N/A",
  "Response": "True"
}
