{
  "Title": "Big Hero 6",
  "Year": "2014",
  "Rated": "PG",
  "Released": "07 Nov 2014",
  "Runtime": "102 min",
  "Genre": "Animation, Action, Adventure",
  "Director": "Don Hall, Chris Williams",
  "Writer": "Jordan Roberts (screenplay), Robert L. Baird (screenplay), Daniel Gerson (screenplay), Man of Action (Big Hero 6 team and characters created by), Steven T. Seagle (characters), Duncan Rouleau (characters), Joe Kelly (characters), Joe Casey (characters)",
  "Actors": "Scott Adsit, Ryan Potter, Daniel Henney, T.J. Miller",
  "Plot": "The special bond that develops between plus-sized inflatable robot Baymax, and prodigy Hiro Hamada, who team up with a group of friends to form a band of high-tech heroes.",
  "Language": "English",
  "Country": "USA",
  "Awards": "Won 1 Oscar. Another 13 wins & 54 nominations.",
  "Poster": "https://images-na.ssl-images-amazon.com/images/M/MV5BMDliOTIzNmUtOTllOC00NDU3LWFiNjYtMGM0NDc1YTMxNjYxXkEyXkFqcGdeQXVyNTM3NzExMDQ@._V1_SX300.jpg",
  "Ratings": [
    {
      "Source": "Internet Movie Database",
      "Value": "7.8/10"
    },
    {
      "Source": "Rotten Tomatoes",
      "Value": "89%"
    },
    {
      "Source": "Metacritic",
      "Value": "74/100"
    }
  ],
  "Metascore": "74",
  "imdbRating": "7.8",
  "imdbVotes": "304,085",
  "imdbID": "tt2245084",
  "Type": "movie",
  "DVD": "24 Feb 2015",
  "BoxOffice": "N/A",
  "Production": "Walt Disney Pictures",
  "Website": "http://www.disney.com/BigHero6",
  "Response": "True"
}
