{
  "Title": "Close Encounters of the Third Kind",
  "Year": "1977",
  "Rated": "PG",
  "Released": "14 Dec 1977",
  "Runtime": "137 min",
  "Genre": "Drama, Sci-Fi",
  "Director": "Steven Spielberg",
  "Writer": "Steven Spielberg",
  "Actors": "Richard Dreyfuss, François Truffaut, Teri Garr, Melinda Dillon",
  "Plot": "After an encounter with U.F.O.s, a line worker feels undeniably drawn to an isolated area in the wilderness where something spectacular is about to happen.",
  "Language": "English, French, Spanish, Hindi",
  "Country": "USA",
  "Awards": "Won 1 Oscar. Another 13 wins & 37 nominations.",
  "Poster": "https://images-na.ssl-images-amazon.com/images/M/MV5BMjM1NjE5NjQxN15BMl5BanBnXkFtZTgwMjYzMzQxMDE@._V1_SX300.jpg",
  "Ratings": [
    {
      "Source": "Internet Movie Database",
      "Value": "7.7/10"
    },
    {
      "Source": "Rotten Tomatoes",
      "Value": "96%"
    },
    {
      "Source": "Metacritic",
      "Value": "92/100"
    }
  ],
  "Metascore": "92",
  "imdbRating": "7.7",
  "imdbVotes": "145,332",
  "imdbID": "tt0075860",
  "Type": "movie",
  "DVD": "13 Nov 2007",
  "BoxOffice": "N/A",
  "Production": "Sony Pictures Releasing",
  "Website": "N/A",
  "Response": "True"
}
