{
  "Title": "The Fast and the Furious",
  "Year": "2001",
  "Rated": "PG-13",
  "Released": "22 Jun 2001",
  "Runtime": "106 min",
  "Genre": "Action, Crime, Thriller",
  "Director": "Rob Cohen",
  "Writer": "Ken Li (magazine article \"Racer X\"), Gary Scott Thompson (screen story), Gary Scott Thompson (screenplay), Erik Bergquist (screenplay), David Ayer (screenplay)",
  "Actors": "Paul Walker, Vin Diesel, Michelle Rodriguez, Jordana Brewster",
  "Plot": "Los Angeles police officer Brian O'Connor must decide where his loyalty really lies when he becomes enamored with the street racing world he has been sent undercover to destroy.",
  "Language": "English",
  "Country": "USA, Germany",
  "Awards": "9 wins & 12 nominations.",
  "Poster": "https://images-na.ssl-images-amazon.com/images/M/MV5BNzlkNzVjMDMtOTdhZC00MGE1LTkxODctMzFmMjkwZmMxZjFhXkEyXkFqcGdeQXVyNjU0OTQ0OTY@._V1_SX300.jpg",
  "Ratings": [
    {
      "Source": "Internet Movie Database",
      "Value": "6.7/10"
    },
    {
      "Source": "Rotten Tomatoes",
      "Value": "53%"
    },
    {
      "Source": "Metacritic",
      "Value": "58/100"
    }
  ],
  "Metascore": "58",
  "imdbRating": "6.7",
  "imdbVotes": "282,637",
  "imdbID": "tt0232500",
  "Type": "movie",
  "DVD": "01 Jan 2002",
  "BoxOffice": "$142,542,950.00",
  "Production": "Universal Pictures",
  "Website": "http://www.thefastandthefurious.com",
  "Response": "True"
}
