{
  "Title": "Il Sorpasso",
  "Year": "1962",
  "Rated": "NOT RATED",
  "Released": "20 Jun 1963",
  "Runtime": "105 min",
  "Genre": "Comedy, Drama",
  "Director": "Dino Risi",
  "Writer": "Dino Risi (story and screenplay), Ettore Scola (story and screenplay), Ruggero Maccari (story and screenplay), Ettore Scola (dialogue), Ruggero Maccari (dialogue)",
  "Actors": "Vittorio Gassman, Catherine Spaak, Jean-Louis Trintignant, Claudio Gora",
  "Plot": "An impulsive braggart takes a shy law student for a two-day ride through the Roman and Tuscany countries.",
  "Language": "Italian, Latin, German, English, Arabic",
  "Country": "Italy",
  "Awards": "4 wins & 2 nominations.",
  "Poster": "https://images-na.ssl-images-amazon.com/images/M/MV5BMTY3NjYzNjQyNl5BMl5BanBnXkFtZTgwOTgyNjQ2MTE@._V1_SX300.jpg",
  "Ratings": [
    {
      "Source": "Internet Movie Database",
      "Value": "8.2/10"
    },
    {
      "Source": "Rotten Tomatoes",
      "Value": "86%"
    }
  ],
  "Metascore": "N/A",
  "imdbRating": "8.2",
  "imdbVotes": "6,225",
  "imdbID": "tt0056512",
  "Type": "movie",
  "DVD": "28 Apr 2014",
  "BoxOffice": "N/A",
  "Production": "Fair Film",
  "Website": "N/A",
  "Response": "True"
}
