{
  "Title": "Inside Out",
  "Year": "2015",
  "Rated": "PG",
  "Released": "19 Jun 2015",
  "Runtime": "95 min",
  "Genre": "Animation, Adventure, Comedy",
  "Director": "Pete Docter, Ronnie Del Carmen",
  "Writer": "Pete Docter (original story by), Ronnie Del Carmen (original story by), Pete Docter (screenplay), Meg LeFauve (screenplay), Josh Cooley (screenplay), Michael Arndt (additional story material by), Bill Hader (additional dialogue by), Amy Poehler (additional dialogue by), Simon Rich (additional story material by)",
  "Actors": "Amy Poehler, Phyllis Smith, Richard Kind, Bill Hader",
  "Plot": "After young Riley is uprooted from her Midwest life and moved to San Francisco, her emotions - Joy, Fear, Anger, Disgust and Sadness - conflict on how best to navigate a new city, house, and school.",
  "Language": "English",
  "Country": "USA",
  "Awards": "Won 1 Oscar. Another 91 wins & 95 nominations.",
  "Poster": "https://images-na.ssl-images-amazon.com/images/M/MV5BOTgxMDQwMDk0OF5BMl5BanBnXkFtZTgwNjU5OTg2NDE@._V1_SX300.jpg",
  "Ratings": [
    {
      "Source": "Internet Movie Database",
      "Value": "8.2/10"
    },
    {
      "Source": "Rotten Tomatoes",
      "Value": "98%"
    },
    {
      "Source": "Metacritic",
      "Value": "94/100"
    }
  ],
  "Metascore": "94",
  "imdbRating": "8.2",
  "imdbVotes": "403,239",
  "imdbID": "tt2096673",
  "Type": "movie",
  "DVD": "03 Nov 2015",
  "BoxOffice": "$264,317,903.00",
  "Production": "Disney/Pixar",
  "Website": "https://www.facebook.com/PixarInsideOut",
  "Response": "True"
}
