{
  "Title": "Love Story",
  "Year": "1970",
  "Rated": "PG",
  "Released": "16 Dec 1970",
  "Runtime": "99 min",
  "Genre": "Drama, Romance",
  "Director": "Arthur Hiller",
  "Writer": "Erich Segal",
  "Actors": "Ali MacGraw, Ryan O'Neal, John Marley, Ray Milland",
  "Plot": "A boy and a girl from different backgrounds fall in love regardless of their upbringing - and then tragedy strikes.",
  "Language": "English",
  "Country": "USA",
  "Awards": "Won 1 Oscar. Another 9 wins & 16 nominations.",
  "Poster": "https://images-na.ssl-images-amazon.com/images/M/MV5BZmFjYWU1MGQtM2FiMi00YjA3LWIwYjUtZDdhYWEyOWFhZGE0XkEyXkFqcGdeQXVyMjI4MjA5MzA@._V1_SX300.jpg",
  "Ratings": [
    {
      "Source": "Internet Movie Database",
      "Value": "6.9/10"
    },
    {
      "Source": "Rotten Tomatoes",
      "Value": "57%"
    },
    {
      "Source": "Metacritic",
      "Value": "84/100"
    }
  ],
  "Metascore": "84",
  "imdbRating": "6.9",
  "imdbVotes": "23,897",
  "imdbID": "tt0066011",
  "Type": "movie",
  "DVD": "24 Apr 2001",
  "BoxOffice": "N/A",
  "Production": "Paramount Pictures",
  "Website": "http://www.focusfilms.cc/film/lovestory.htm",
  "Response": "True"
}
