{
  "Title": "Star Wars: The Force Awakens",
  "Year": "2015",
  "Rated": "PG-13",
  "Released": "18 Dec 2015",
  "Runtime": "136 min",
  "Genre": "Action, Adventure, Fantasy",
  "Director": "J.J. Abrams",
  "Writer": "Lawrence Kasdan, J.J. Abrams, Michael Arndt, George Lucas (based on characters created by)",
  "Actors": "Harrison Ford, Mark Hamill, Carrie Fisher, Adam Driver",
  "Plot": "Three decades after the defeat of the Galactic Empire, a new threat arises. The First Order attempts to rule the galaxy and only a ragtag group of heroes can stop them, along with the help of the Resistance.",
  "Language": "English",
  "Country": "USA",
  "Awards": "Nominated for 5 Oscars. Another 51 wins & 112 nominations.",
  "Poster": "https://images-na.ssl-images-amazon.com/images/M/MV5BOTAzODEzNDAzMl5BMl5BanBnXkFtZTgwMDU1MTgzNzE@._V1_SX300.jpg",
  "Ratings": [
    {
      "Source": "Internet Movie Database",
      "Value": "8.1/10"
    },
    {
      "Source": "Rotten Tomatoes",
      "Value": "92%"
    },
    {
      "Source": "Metacritic",
      "Value": "81/100"
    }
  ],
  "Metascore": "81",
  "imdbRating": "8.1",
  "imdbVotes": "643,416",
  "imdbID": "tt2488496",
  "Type": "movie",
  "DVD": "05 Apr 2016",
  "BoxOffice": "$936,658,640.00",
  "Production": "Walt Disney Pictures",
  "Website": "http://starwars.com/",
  "Response": "True"
}
