{
  "Title": "Pretty Woman",
  "Year": "1990",
  "Rated": "R",
  "Released": "23 Mar 1990",
  "Runtime": "119 min",
  "Genre": "Comedy, Romance",
  "Director": "Garry Marshall",
  "Writer": "J.F. Lawton",
  "Actors": "Richard Gere, Julia Roberts, Ralph Bellamy, Jason Alexander",
  "Plot": "A man in a legal but hurtful business needs an escort for some social events, and hires a beautiful prostitute he meets... only to fall in love.",
  "Language": "English",
  "Country": "USA",
  "Awards": "Nominated for 1 Oscar. Another 8 wins & 10 nominations.",
  "Poster": "https://images-na.ssl-images-amazon.com/images/M/MV5BNjk2ODQzNDYxNV5BMl5BanBnXkFtZTgwMTcyNDg4NjE@._V1_SX300.jpg",
  "Ratings": [
    {
      "Source": "Internet Movie Database",
      "Value": "6.9/10"
    },
    {
      "Source": "Rotten Tomatoes",
      "Value": "61%"
    },
    {
      "Source": "Metacritic",
      "Value": "51/100"
    }
  ],
  "Metascore": "51",
  "imdbRating": "6.9",
  "imdbVotes": "224,992",
  "imdbID": "tt0100405",
  "Type": "movie",
  "DVD": "19 May 1998",
  "BoxOffice": "N/A",
  "Production": "Buena Vista",
  "Website": "N/A",
  "Response": "True"
}
