{
  "Title": "The Thin Red Line",
  "Year": "1998",
  "Rated": "R",
  "Released": "15 Jan 1999",
  "Runtime": "170 min",
  "Genre": "Drama, War",
  "Director": "Terrence Malick",
  "Writer": "James Jones (novel), Terrence Malick (screenplay)",
  "Actors": "Nick Nolte, Jim Caviezel, Sean Penn, Elias Koteas",
  "Plot": "Terrence Malick's adaptation of James Jones' autobiographical 1962 novel, focusing on the conflict at Guadalcanal during the second World War.",
  "Language": "English, Tok Pisin, Japanese, Greek",
  "Country": "USA",
  "Awards": "Nominated for 7 Oscars. Another 20 wins & 41 nominations.",
  "Poster": "https://images-na.ssl-images-amazon.com/images/M/MV5BZDlmNDQ0YjItNTlhMS00MDkyLWE4YzEtMDczMzliODU5MTMzXkEyXkFqcGdeQXVyNjc1NTYyMjg@._V1_SX300.jpg",
  "Ratings": [
    {
      "Source": "Internet Movie Database",
      "Value": "7.6/10"
    },
    {
      "Source": "Rotten Tomatoes",
      "Value": "78%"
    },
    {
      "Source": "Metacritic",
      "Value": "78/100"
    }
  ],
  "Metascore": "78",
  "imdbRating": "7.6",
  "imdbVotes": "143,602",
  "imdbID": "tt0120863",
  "Type": "movie",
  "DVD": "02 Nov 1999",
  "BoxOffice": "N/A",
  "Production": "20th Century Fox",
  "Website": "http://www.foxmovies.com/thinredline",
  "Response": "True"
}
