{
  "Title": "TRON",
  "Year": "1982",
  "Rated": "PG",
  "Released": "09 Jul 1982",
  "Runtime": "96 min",
  "Genre": "Action, Adventure, Sci-Fi",
  "Director": "Steven Lisberger",
  "Writer": "Steven Lisberger (screenplay), Steven Lisberger (story), Bonnie MacBird (story)",
  "Actors": "Jeff Bridges, Bruce Boxleitner, David Warner, Cindy Morgan",
  "Plot": "A computer hacker is abducted into the digital world and forced to participate in gladiatorial games where his only chance of escape is with the help of a heroic security program.",
  "Language": "English",
  "Country": "USA",
  "Awards": "Nominated for 2 Oscars. Another 2 wins & 6 nominations.",
  "Poster": "https://images-na.ssl-images-amazon.com/images/M/MV5BMTY0OTM4ODM2MF5BMl5BanBnXkFtZTgwMTI0NDIxMDE@._V1_SX300.jpg",
  "Ratings": [
    {
      "Source": "Internet Movie Database",
      "Value": "6.8/10"
    },
    {
      "Source": "Rotten Tomatoes",
      "Value": "70%"
    }
  ],
  "Metascore": "N/A",
  "imdbRating": "6.8",
  "imdbVotes": "97,386",
  "imdbID": "tt0084827",
  "Type": "movie",
  "DVD": "15 Jan 2002",
  "BoxOffice": "N/A",
  "Production": "Buena Vista Pictures",
  "Website": "N/A",
  "Response": "True"
}
