{
  "Title": "Gattaca",
  "Year": "1997",
  "Rated": "PG-13",
  "Released": "24 Oct 1997",
  "Runtime": "106 min",
  "Genre": "Drama, Sci-Fi, Thriller",
  "Director": "Andrew Niccol",
  "Writer": "Andrew Niccol",
  "Actors": "Ethan Hawke, Uma Thurman, Gore Vidal, Xander Berkeley",
  "Plot": "A genetically inferior man assumes the identity of a superior one in order to pursue his lifelong dream of space travel.",
  "Language": "English, Esperanto",
  "Country": "USA",
  "Awards": "Nominated for 1 Oscar. Another 6 wins & 14 nominations.",
  "Poster": "https://images-na.ssl-images-amazon.com/images/M/MV5BNDQxOTc0MzMtZmRlOS00OWQ5LWI2ZDctOTAwNmMwOTYxYzlhXkEyXkFqcGdeQXVyMTQxNzMzNDI@._V1_SX300.jpg",
  "Ratings": [
    {
      "Source": "Internet Movie Database",
      "Value": "7.8/10"
    },
    {
      "Source": "Rotten Tomatoes",
      "Value": "82%"
    },
    {
      "Source": "Metacritic",
      "Value": "64/100"
    }
  ],
  "Metascore": "64",
  "imdbRating": "7.8",
  "imdbVotes": "229,272",
  "imdbID": "tt0119177",
  "Type": "movie",
  "DVD": "05 May 1998",
  "BoxOffice": "N/A",
  "Production": "Columbia Pictures",
  "Website": "N/A",
  "Response": "True"
}
