{
  "Title": "The Birds",
  "Year": "1963",
  "Rated": "PG-13",
  "Released": "29 Mar 1963",
  "Runtime": "119 min",
  "Genre": "Drama, Horror, Mystery",
  "Director": "Alfred Hitchcock",
  "Writer": "Daphne Du Maurier (from the story by), Evan Hunter (screenplay)",
  "Actors": "Tippi Hedren, Suzanne Pleshette, Rod Taylor, Jessica Tandy",
  "Plot": "A wealthy San Francisco socialite pursues a potential boyfriend to a small Northern California town that slowly takes a turn for the bizarre when birds of all kinds suddenly begin to attack people.",
  "Language": "English",
  "Country": "USA",
  "Awards": "Nominated for 1 Oscar. Another 3 wins & 5 nominations.",
  "Poster": "https://images-na.ssl-images-amazon.com/images/M/MV5BMTAxNDA1ODc5MDleQTJeQWpwZ15BbWU4MDg2MDA4OTEx._V1_SX300.jpg",
  "Ratings": [
    {
      "Source": "Internet Movie Database",
      "Value": "7.7/10"
    },
    {
      "Source": "Rotten Tomatoes",
      "Value": "96%"
    }
  ],
  "Metascore": "N/A",
  "imdbRating": "7.7",
  "imdbVotes": "135,488",
  "imdbID": "tt0056869",
  "Type": "movie",
  "DVD": "28 Mar 2000",
  "BoxOffice": "N/A",
  "Production": "Universal Pictures",
  "Website": "N/A",
  "Response": "True"
}
