{
  "Title": "Entrapment",
  "Year": "1999",
  "Rated": "PG-13",
  "Released": "30 Apr 1999",
  "Runtime": "113 min",
  "Genre": "Action, Crime, Romance",
  "Director": "Jon Amiel",
  "Writer": "Ronald Bass (story), Michael Hertzberg (story), Ronald Bass (screenplay), William Broyles Jr. (screenplay)",
  "Actors": "Sean Connery, Catherine Zeta-Jones, Ving Rhames, Will Patton",
  "Plot": "An insurance agent is sent by her employer to track down and help capture an art thief.",
  "Language": "English",
  "Country": "USA, UK, Germany",
  "Awards": "4 wins & 6 nominations.",
  "Poster": "https://images-na.ssl-images-amazon.com/images/M/MV5BODgyMmE3YWQtNDE4Yy00ODExLThmNDUtYmM4ZTk2ZTVjNDEzL2ltYWdlXkEyXkFqcGdeQXVyNjQzNDI3NzY@._V1_SX300.jpg",
  "Ratings": [
    {
      "Source": "Internet Movie Database",
      "Value": "6.2/10"
    },
    {
      "Source": "Rotten Tomatoes",
      "Value": "38%"
    },
    {
      "Source": "Metacritic",
      "Value": "54/100"
    }
  ],
  "Metascore": "54",
  "imdbRating": "6.2",
  "imdbVotes": "91,108",
  "imdbID": "tt0137494",
  "Type": "movie",
  "DVD": "23 Nov 1999",
  "BoxOffice": "N/A",
  "Production": "Twentieth Century Fox Home Entertainment",
  "Website": "http://www.foxmovies.com/entrapmentcs.html",
  "Response": "True"
}
