{
  "Title": "Dune",
  "Year": "1984",
  "Rated": "PG-13",
  "Released": "14 Dec 1984",
  "Runtime": "137 min",
  "Genre": "Action, Adventure, Sci-Fi",
  "Director": "David Lynch",
  "Writer": "Frank Herbert (novel), David Lynch (screenplay)",
  "Actors": "Francesca Annis, Leonardo Cimino, Brad Dourif, José Ferrer",
  "Plot": "A Duke's son leads desert warriors against the galactic emperor and his father's evil nemesis when they assassinate his father and free their desert world from the emperor's rule.",
  "Language": "English, Italian",
  "Country": "USA",
  "Awards": "Nominated for 1 Oscar. Another 2 wins & 4 nominations.",
  "Poster": "https://images-na.ssl-images-amazon.com/images/M/MV5BMjAwNTU3Njk5N15BMl5BanBnXkFtZTgwMzUyMDI3NjE@._V1_SX300.jpg",
  "Ratings": [
    {
      "Source": "Internet Movie Database",
      "Value": "6.6/10"
    },
    {
      "Source": "Rotten Tomatoes",
      "Value": "57%"
    }
  ],
  "Metascore": "N/A",
  "imdbRating": "6.6",
  "imdbVotes": "100,385",
  "imdbID": "tt0087182",
  "Type": "movie",
  "DVD": "16 Mar 1998",
  "BoxOffice": "N/A",
  "Production": "MCA Universal Home Video",
  "Website": "N/A",
  "Response": "True"
}
