{
  "Title": "Dr. Strangelove or: How I Learned to Stop Worrying and Love the Bomb",
  "Year": "1964",
  "Rated": "PG",
  "Released": "29 Jan 1964",
  "Runtime": "95 min",
  "Genre": "Comedy",
  "Director": "Stanley Kubrick",
  "Writer": "Stanley Kubrick (screenplay), Terry Southern (screenplay), Peter George (screenplay), Peter George (based on the book: \"Red Alert\" by)",
  "Actors": "Peter Sellers, George C. Scott, Sterling Hayden, Keenan Wynn",
  "Plot": "An insane general triggers a path to nuclear holocaust that a war room full of politicians and generals frantically try to stop.",
  "Language": "English, Russian",
  "Country": "USA, UK",
  "Awards": "Nominated for 4 Oscars. Another 13 wins & 6 nominations.",
  "Poster": "https://images-na.ssl-images-amazon.com/images/M/MV5BNTkxYjUxNDYtZGY0My00NTc2LThiZmYtNmNmNmU0NGVkZWYwXkEyXkFqcGdeQXVyMjUzOTY1NTc@._V1_SX300.jpg",
  "Ratings": [
    {
      "Source": "Internet Movie Database",
      "Value": "8.5/10"
    },
    {
      "Source": "Rotten Tomatoes",
      "Value": "99%"
    },
    {
      "Source": "Metacritic",
      "Value": "96/100"
    }
  ],
  "Metascore": "96",
  "imdbRating": "8.5",
  "imdbVotes": "360,051",
  "imdbID": "tt0057012",
  "Type": "movie",
  "DVD": "02 Nov 2004",
  "BoxOffice": "N/A",
  "Production": "Sony Pictures",
  "Website": "N/A",
  "Response": "True"
}
