{
  "Title": "Captain America: The First Avenger",
  "Year": "2011",
  "Rated": "PG-13",
  "Released": "22 Jul 2011",
  "Runtime": "124 min",
  "Genre": "Action, Adventure, Sci-Fi",
  "Director": "Joe Johnston",
  "Writer": "Christopher Markus (screenplay), Stephen McFeely (screenplay), Joe Simon (comic books), Jack Kirby (comic books)",
  "Actors": "Chris Evans, Hayley Atwell, Sebastian Stan, Tommy Lee Jones",
  "Plot": "Steve Rogers, a rejected military soldier transforms into Captain America after taking a dose of a \"Super-Soldier serum\". But being Captain America comes at a price as he attempts to take down a war monger and a terrorist organization.",
  "Language": "English, Norwegian, French",
  "Country": "USA",
  "Awards": "3 wins & 43 nominations.",
  "Poster": "https://images-na.ssl-images-amazon.com/images/M/MV5BMTYzOTc2NzU3N15BMl5BanBnXkFtZTcwNjY3MDE3NQ@@._V1_SX300.jpg",
  "Ratings": [
    {
      "Source": "Internet Movie Database",
      "Value": "6.9/10"
    },
    {
      "Source": "Rotten Tomatoes",
      "Value": "8%"
    },
    {
      "Source": "Metacritic",
      "Value": "66/100"
    }
  ],
  "Metascore": "66",
  "imdbRating": "6.9",
  "imdbVotes": "539,921",
  "imdbID": "tt0458339",
  "Type": "movie",
  "DVD": "22 Jul 1992",
  "BoxOffice": "N/A",
  "Production": "Paramount",
  "Website": "N/A",
  "Response": "True"
}
