{
  "Title": "Wonder Woman",
  "Year": "2017",
  "Rated": "N/A",
  "Released": "02 Jun 2017",
  "Runtime": "N/A",
  "Genre": "Action, Adventure, Fantasy",
  "Director": "Patty Jenkins",
  "Writer": "Allan Heinberg (screenplay), Zack Snyder (story by), Allan Heinberg (story by), Jason Fuchs (story by), William Moulton Marston (Wonder Woman created by)",
  "Actors": "Gal Gadot, Chris Pine, Robin Wright, Connie Nielsen",
  "Plot": "An Amazon princess leaves her island home to explore the world and, in doing so, becomes one of the world's greatest heroes.",
  "Language": "English",
  "Country": "USA",
  "Awards": "1 nomination.",
  "Poster": "https://images-na.ssl-images-amazon.com/images/M/MV5BMzUxNjQ5MjAyOF5BMl5BanBnXkFtZTgwMjIzOTA1MDI@._V1_SX300.jpg",
  "Ratings": [
    {
      "Source": "Rotten Tomatoes",
      "Value": "88%"
    }
  ],
  "Metascore": "N/A",
  "imdbRating": "N/A",
  "imdbVotes": "N/A",
  "imdbID": "tt0451279",
  "Type": "movie",
  "DVD": "03 Mar 2009",
  "BoxOffice": "N/A",
  "Production": "Warner Bros. Animation",
  "Website": "N/A",
  "Response": "True"
}
