{
  "Title": "Slumdog Millionaire",
  "Year": "2008",
  "Rated": "R",
  "Released": "25 Dec 2008",
  "Runtime": "120 min",
  "Genre": "Drama",
  "Director": "Danny Boyle, Loveleen Tandan",
  "Writer": "Simon Beaufoy (screenplay), Vikas Swarup (novel)",
  "Actors": "Dev Patel, Saurabh Shukla, Anil Kapoor, Raj Zutshi",
  "Plot": "A Mumbai teen reflects on his upbringing in the slums when he is accused of cheating on the Indian Version of \"Who Wants to be a Millionaire?\"",
  "Language": "English, Hindi, French",
  "Country": "UK, France, USA",
  "Awards": "Won 8 Oscars. Another 143 wins & 120 nominations.",
  "Poster": "https://images-na.ssl-images-amazon.com/images/M/MV5BMTU2NTA5NzI0N15BMl5BanBnXkFtZTcwMjUxMjYxMg@@._V1_SX300.jpg",
  "Ratings": [
    {
      "Source": "Internet Movie Database",
      "Value": "8.0/10"
    },
    {
      "Source": "Rotten Tomatoes",
      "Value": "92%"
    },
    {
      "Source": "Metacritic",
      "Value": "86/100"
    }
  ],
  "Metascore": "86",
  "imdbRating": "8.0",
  "imdbVotes": "670,267",
  "imdbID": "tt1010048",
  "Type": "movie",
  "DVD": "31 Mar 2009",
  "BoxOffice": "$141,243,551.00",
  "Production": "Fox Searchlight Pictures",
  "Website": "http://www.foxsearchlight.com/slumdogmillionaire/",
  "Response": "True"
}
